EP. 01 — How to Build Your SEO Site Structure,,,,,
EP. 01 — How to Build Your SEO Site Structure,,,,,
Reverse-engineer what Google is already rewarding. Do not guess your structure.,,,,,
,,,,,
SECTION A — Competitor Tracker,,,,,
#,Website URL,Domain Name,Domain Authority (optional),Notes,
1,https://example.com,example.com,,Blog-heavy site,
2,https://competitor2.com,competitor2.com,,Services + FAQ pages,
3,,,,,
4,,,,,
5,,,,,
6,,,,,
7,,,,,
8,,,,,
9,,,,,
10,,,,,
,,,,,
,,,,,
,,,,,
SECTION B — Page Inventory,,,,,
Competitor Domain,Full Page URL,Page Type,Page Title / H1,Appears in Navigation?,Notes
Page Types: Home | Service | Location | Blog | About | Contact | FAQ | Testimonials | Case Study | Category | Other,,,,,
example.com,/services/whatsapp-chatbot,Service,WhatsApp Chatbot Dubai,Yes,
example.com,/blog/whatsapp-api-guide,Blog,WhatsApp API Guide 2025,No,Ranks for how-to keyword
example.com,/dubai,Location,WhatsApp Automation Dubai,Yes,City-level location page
,,,,,
,,,,,
,,,,,
,,,,,
,,,,,
,,,,,
,,,,,
,,,,,
,,,,,
,,,,,
,,,,,
,,,,,
,,,,,
,,,,,
,,,,,
,,,,,
,,,,,
,,,,,
,,,,,
,,,,,
,,,,,
,,,,,
,,,,,
SECTION C — Site Blueprint,,,,,
Section,Pages to Create,Priority,Notes,,
Core,"Home, About, Contact",Must Have,,,
Services,One page per service,Must Have,,,
Locations,One page per city or area,High,,,
Blog,10 articles to start,Medium,,,
Trust,"Testimonials, Case Studies, FAQ",Medium,,,